{
  "ABIRoot": {
    "kind": "Root",
    "name": "TopLevel",
    "printedName": "TopLevel",
    "children": [
      {
        "kind": "Import",
        "name": "UIKit",
        "printedName": "UIKit",
        "declKind": "Import",
        "moduleName": "Watermarker"
      },
      {
        "kind": "Import",
        "name": "UIKit",
        "printedName": "UIKit",
        "declKind": "Import",
        "moduleName": "Watermarker"
      },
      {
        "kind": "TypeDecl",
        "name": "Ssb4Base",
        "printedName": "Ssb4Base",
        "children": [
          {
            "kind": "Constructor",
            "name": "init",
            "printedName": "init(image:seed:message:)",
            "children": [
              {
                "kind": "TypeNominal",
                "name": "Ssb4Base",
                "printedName": "Watermarker.Ssb4Base",
                "usr": "c:@M@Watermarker@objc(cs)Ssb4Base"
              },
              {
                "kind": "TypeNominal",
                "name": "UIImage",
                "printedName": "UIKit.UIImage",
                "usr": "c:objc(cs)UIImage"
              },
              {
                "kind": "TypeNominal",
                "name": "Int",
                "printedName": "Swift.Int",
                "usr": "s:Si"
              },
              {
                "kind": "TypeNominal",
                "name": "String",
                "printedName": "Swift.String",
                "usr": "s:SS"
              }
            ],
            "declKind": "Constructor",
            "usr": "c:@M@Watermarker@objc(cs)Ssb4Base(im)initWithImage:seed:message:",
            "mangledName": "$s11Watermarker8Ssb4BaseC5image4seed7messageACSo7UIImageC_SiSStcfc",
            "moduleName": "Watermarker",
            "objc_name": "initWithImage:seed:message:",
            "declAttributes": [
              "AccessControl",
              "ObjC"
            ],
            "init_kind": "Designated"
          },
          {
            "kind": "Function",
            "name": "execute",
            "printedName": "execute(completion:)",
            "children": [
              {
                "kind": "TypeNominal",
                "name": "Void",
                "printedName": "()"
              },
              {
                "kind": "TypeFunc",
                "name": "Function",
                "printedName": "(UIKit.UIImage?) -> ()",
                "children": [
                  {
                    "kind": "TypeNominal",
                    "name": "Void",
                    "printedName": "()"
                  },
                  {
                    "kind": "TypeNominal",
                    "name": "Optional",
                    "printedName": "UIKit.UIImage?",
                    "children": [
                      {
                        "kind": "TypeNominal",
                        "name": "UIImage",
                        "printedName": "UIKit.UIImage",
                        "usr": "c:objc(cs)UIImage"
                      }
                    ],
                    "usr": "s:Sq"
                  }
                ]
              }
            ],
            "declKind": "Func",
            "usr": "c:@M@Watermarker@objc(cs)Ssb4Base(im)executeWithCompletion:",
            "mangledName": "$s11Watermarker8Ssb4BaseC7execute10completionyySo7UIImageCSgc_tF",
            "moduleName": "Watermarker",
            "objc_name": "executeWithCompletion:",
            "declAttributes": [
              "AccessControl",
              "ObjC"
            ],
            "funcSelfKind": "NonMutating"
          },
          {
            "kind": "Constructor",
            "name": "init",
            "printedName": "init()",
            "children": [
              {
                "kind": "TypeNominal",
                "name": "Ssb4Base",
                "printedName": "Watermarker.Ssb4Base",
                "usr": "c:@M@Watermarker@objc(cs)Ssb4Base"
              }
            ],
            "declKind": "Constructor",
            "usr": "c:@M@Watermarker@objc(cs)Ssb4Base(im)init",
            "mangledName": "$s11Watermarker8Ssb4BaseCACycfc",
            "moduleName": "Watermarker",
            "overriding": true,
            "implicit": true,
            "objc_name": "init",
            "declAttributes": [
              "Dynamic",
              "ObjC",
              "Override"
            ],
            "init_kind": "Designated"
          }
        ],
        "declKind": "Class",
        "usr": "c:@M@Watermarker@objc(cs)Ssb4Base",
        "mangledName": "$s11Watermarker8Ssb4BaseC",
        "moduleName": "Watermarker",
        "declAttributes": [
          "AccessControl",
          "ObjC"
        ],
        "superclassUsr": "c:objc(cs)NSObject",
        "superclassNames": [
          "ObjectiveC.NSObject"
        ],
        "conformances": [
          {
            "kind": "Conformance",
            "name": "Equatable",
            "printedName": "Equatable",
            "usr": "s:SQ",
            "mangledName": "$sSQ"
          },
          {
            "kind": "Conformance",
            "name": "Hashable",
            "printedName": "Hashable",
            "usr": "s:SH",
            "mangledName": "$sSH"
          },
          {
            "kind": "Conformance",
            "name": "CVarArg",
            "printedName": "CVarArg",
            "usr": "s:s7CVarArgP",
            "mangledName": "$ss7CVarArgP"
          },
          {
            "kind": "Conformance",
            "name": "_KeyValueCodingAndObservingPublishing",
            "printedName": "_KeyValueCodingAndObservingPublishing",
            "usr": "s:10Foundation37_KeyValueCodingAndObservingPublishingP",
            "mangledName": "$s10Foundation37_KeyValueCodingAndObservingPublishingP"
          },
          {
            "kind": "Conformance",
            "name": "_KeyValueCodingAndObserving",
            "printedName": "_KeyValueCodingAndObserving",
            "usr": "s:10Foundation27_KeyValueCodingAndObservingP",
            "mangledName": "$s10Foundation27_KeyValueCodingAndObservingP"
          },
          {
            "kind": "Conformance",
            "name": "CustomStringConvertible",
            "printedName": "CustomStringConvertible",
            "usr": "s:s23CustomStringConvertibleP",
            "mangledName": "$ss23CustomStringConvertibleP"
          },
          {
            "kind": "Conformance",
            "name": "CustomDebugStringConvertible",
            "printedName": "CustomDebugStringConvertible",
            "usr": "s:s28CustomDebugStringConvertibleP",
            "mangledName": "$ss28CustomDebugStringConvertibleP"
          }
        ]
      },
      {
        "kind": "Import",
        "name": "UIKit",
        "printedName": "UIKit",
        "declKind": "Import",
        "moduleName": "Watermarker"
      },
      {
        "kind": "TypeDecl",
        "name": "PixelData",
        "printedName": "PixelData",
        "declKind": "Struct",
        "usr": "s:11Watermarker9PixelDataV",
        "mangledName": "$s11Watermarker9PixelDataV",
        "moduleName": "Watermarker",
        "declAttributes": [
          "AccessControl"
        ]
      }
    ],
    "json_format_version": 8
  },
  "ConstValues": [
    {
      "filePath": "\/Users\/sk\/Documents\/Projects\/Okay\/OkaySDK\/Watermarker\/Watermarker\/Random.swift",
      "kind": "IntegerLiteral",
      "offset": 81,
      "length": 11,
      "value": "25214903917"
    },
    {
      "filePath": "\/Users\/sk\/Documents\/Projects\/Okay\/OkaySDK\/Watermarker\/Watermarker\/Random.swift",
      "kind": "IntegerLiteral",
      "offset": 124,
      "length": 15,
      "value": "281474976710655"
    },
    {
      "filePath": "\/Users\/sk\/Documents\/Projects\/Okay\/OkaySDK\/Watermarker\/Watermarker\/Random.swift",
      "kind": "IntegerLiteral",
      "offset": 173,
      "length": 2,
      "value": "11"
    },
    {
      "filePath": "\/Users\/sk\/Documents\/Projects\/Okay\/OkaySDK\/Watermarker\/Watermarker\/Random.swift",
      "kind": "IntegerLiteral",
      "offset": 230,
      "length": 11,
      "value": "25214903917"
    },
    {
      "filePath": "\/Users\/sk\/Documents\/Projects\/Okay\/OkaySDK\/Watermarker\/Watermarker\/Random.swift",
      "kind": "IntegerLiteral",
      "offset": 245,
      "length": 15,
      "value": "281474976710655"
    },
    {
      "filePath": "\/Users\/sk\/Documents\/Projects\/Okay\/OkaySDK\/Watermarker\/Watermarker\/Random.swift",
      "kind": "IntegerLiteral",
      "offset": 333,
      "length": 1,
      "value": "0"
    },
    {
      "filePath": "\/Users\/sk\/Documents\/Projects\/Okay\/OkaySDK\/Watermarker\/Watermarker\/Random.swift",
      "kind": "IntegerLiteral",
      "offset": 428,
      "length": 2,
      "value": "31"
    },
    {
      "filePath": "\/Users\/sk\/Documents\/Projects\/Okay\/OkaySDK\/Watermarker\/Watermarker\/Random.swift",
      "kind": "IntegerLiteral",
      "offset": 456,
      "length": 1,
      "value": "1"
    },
    {
      "filePath": "\/Users\/sk\/Documents\/Projects\/Okay\/OkaySDK\/Watermarker\/Watermarker\/Random.swift",
      "kind": "IntegerLiteral",
      "offset": 484,
      "length": 1,
      "value": "0"
    },
    {
      "filePath": "\/Users\/sk\/Documents\/Projects\/Okay\/OkaySDK\/Watermarker\/Watermarker\/Random.swift",
      "kind": "IntegerLiteral",
      "offset": 519,
      "length": 2,
      "value": "31"
    },
    {
      "filePath": "\/Users\/sk\/Documents\/Projects\/Okay\/OkaySDK\/Watermarker\/Watermarker\/Random.swift",
      "kind": "IntegerLiteral",
      "offset": 617,
      "length": 1,
      "value": "0"
    },
    {
      "filePath": "\/Users\/sk\/Documents\/Projects\/Okay\/OkaySDK\/Watermarker\/Watermarker\/Random.swift",
      "kind": "IntegerLiteral",
      "offset": 682,
      "length": 2,
      "value": "31"
    },
    {
      "filePath": "\/Users\/sk\/Documents\/Projects\/Okay\/OkaySDK\/Watermarker\/Watermarker\/Random.swift",
      "kind": "IntegerLiteral",
      "offset": 934,
      "length": 2,
      "value": "48"
    },
    {
      "filePath": "\/Users\/sk\/Documents\/Projects\/Okay\/OkaySDK\/Watermarker\/Watermarker\/UIImage+Extension.swift",
      "kind": "IntegerLiteral",
      "offset": 411,
      "length": 1,
      "value": "4"
    },
    {
      "filePath": "\/Users\/sk\/Documents\/Projects\/Okay\/OkaySDK\/Watermarker\/Watermarker\/UIImage+Extension.swift",
      "kind": "IntegerLiteral",
      "offset": 492,
      "length": 1,
      "value": "1"
    },
    {
      "filePath": "\/Users\/sk\/Documents\/Projects\/Okay\/OkaySDK\/Watermarker\/Watermarker\/UIImage+Extension.swift",
      "kind": "IntegerLiteral",
      "offset": 534,
      "length": 1,
      "value": "2"
    },
    {
      "filePath": "\/Users\/sk\/Documents\/Projects\/Okay\/OkaySDK\/Watermarker\/Watermarker\/UIImage+Extension.swift",
      "kind": "IntegerLiteral",
      "offset": 576,
      "length": 1,
      "value": "3"
    },
    {
      "filePath": "\/Users\/sk\/Documents\/Projects\/Okay\/OkaySDK\/Watermarker\/Watermarker\/BitUtils.swift",
      "kind": "IntegerLiteral",
      "offset": 117,
      "length": 3,
      "value": "0b1"
    },
    {
      "filePath": "\/Users\/sk\/Documents\/Projects\/Okay\/OkaySDK\/Watermarker\/Watermarker\/BitUtils.swift",
      "kind": "IntegerLiteral",
      "offset": 248,
      "length": 1,
      "value": "1"
    },
    {
      "filePath": "\/Users\/sk\/Documents\/Projects\/Okay\/OkaySDK\/Watermarker\/Watermarker\/BitUtils.swift",
      "kind": "IntegerLiteral",
      "offset": 260,
      "length": 1,
      "value": "0"
    },
    {
      "filePath": "\/Users\/sk\/Documents\/Projects\/Okay\/OkaySDK\/Watermarker\/Watermarker\/BitUtils.swift",
      "kind": "IntegerLiteral",
      "offset": 347,
      "length": 1,
      "value": "1"
    },
    {
      "filePath": "\/Users\/sk\/Documents\/Projects\/Okay\/OkaySDK\/Watermarker\/Watermarker\/BitUtils.swift",
      "kind": "IntegerLiteral",
      "offset": 383,
      "length": 1,
      "value": "1"
    },
    {
      "filePath": "\/Users\/sk\/Documents\/Projects\/Okay\/OkaySDK\/Watermarker\/Watermarker\/BitUtils.swift",
      "kind": "IntegerLiteral",
      "offset": 528,
      "length": 1,
      "value": "3"
    },
    {
      "filePath": "\/Users\/sk\/Documents\/Projects\/Okay\/OkaySDK\/Watermarker\/Watermarker\/BitUtils.swift",
      "kind": "IntegerLiteral",
      "offset": 666,
      "length": 1,
      "value": "3"
    },
    {
      "filePath": "\/Users\/sk\/Documents\/Projects\/Okay\/OkaySDK\/Watermarker\/Watermarker\/BitUtils.swift",
      "kind": "IntegerLiteral",
      "offset": 779,
      "length": 1,
      "value": "4"
    },
    {
      "filePath": "\/Users\/sk\/Documents\/Projects\/Okay\/OkaySDK\/Watermarker\/Watermarker\/BitUtils.swift",
      "kind": "IntegerLiteral",
      "offset": 793,
      "length": 3,
      "value": "251"
    },
    {
      "filePath": "\/Users\/sk\/Documents\/Projects\/Okay\/OkaySDK\/Watermarker\/Watermarker\/BitUtils.swift",
      "kind": "IntegerLiteral",
      "offset": 973,
      "length": 1,
      "value": "1"
    },
    {
      "filePath": "\/Users\/sk\/Documents\/Projects\/Okay\/OkaySDK\/Watermarker\/Watermarker\/BitUtils.swift",
      "kind": "IntegerLiteral",
      "offset": 977,
      "length": 2,
      "value": "-1"
    },
    {
      "filePath": "\/Users\/sk\/Documents\/Projects\/Okay\/OkaySDK\/Watermarker\/Watermarker\/BitUtils.swift",
      "kind": "IntegerLiteral",
      "offset": 982,
      "length": 1,
      "value": "1"
    },
    {
      "filePath": "\/Users\/sk\/Documents\/Projects\/Okay\/OkaySDK\/Watermarker\/Watermarker\/BitUtils.swift",
      "kind": "IntegerLiteral",
      "offset": 1006,
      "length": 1,
      "value": "1"
    },
    {
      "filePath": "\/Users\/sk\/Documents\/Projects\/Okay\/OkaySDK\/Watermarker\/Watermarker\/BitUtils.swift",
      "kind": "IntegerLiteral",
      "offset": 1010,
      "length": 2,
      "value": "16"
    },
    {
      "filePath": "\/Users\/sk\/Documents\/Projects\/Okay\/OkaySDK\/Watermarker\/Watermarker\/BitUtils.swift",
      "kind": "IntegerLiteral",
      "offset": 1053,
      "length": 1,
      "value": "4"
    },
    {
      "filePath": "\/Users\/sk\/Documents\/Projects\/Okay\/OkaySDK\/Watermarker\/Watermarker\/BitUtils.swift",
      "kind": "IntegerLiteral",
      "offset": 1068,
      "length": 1,
      "value": "0"
    },
    {
      "filePath": "\/Users\/sk\/Documents\/Projects\/Okay\/OkaySDK\/Watermarker\/Watermarker\/Ssb4Base.swift",
      "kind": "IntegerLiteral",
      "offset": 108,
      "length": 1,
      "value": "0"
    },
    {
      "filePath": "\/Users\/sk\/Documents\/Projects\/Okay\/OkaySDK\/Watermarker\/Watermarker\/Ssb4Base.swift",
      "kind": "IntegerLiteral",
      "offset": 142,
      "length": 1,
      "value": "0"
    },
    {
      "filePath": "\/Users\/sk\/Documents\/Projects\/Okay\/OkaySDK\/Watermarker\/Watermarker\/Ssb4Base.swift",
      "kind": "IntegerLiteral",
      "offset": 176,
      "length": 1,
      "value": "0"
    },
    {
      "filePath": "\/Users\/sk\/Documents\/Projects\/Okay\/OkaySDK\/Watermarker\/Watermarker\/Ssb4Base.swift",
      "kind": "IntegerLiteral",
      "offset": 210,
      "length": 1,
      "value": "0"
    },
    {
      "filePath": "\/Users\/sk\/Documents\/Projects\/Okay\/OkaySDK\/Watermarker\/Watermarker\/Ssb4Base.swift",
      "kind": "IntegerLiteral",
      "offset": 412,
      "length": 1,
      "value": "0"
    },
    {
      "filePath": "\/Users\/sk\/Documents\/Projects\/Okay\/OkaySDK\/Watermarker\/Watermarker\/Ssb4Base.swift",
      "kind": "IntegerLiteral",
      "offset": 903,
      "length": 1,
      "value": "8"
    },
    {
      "filePath": "\/Users\/sk\/Documents\/Projects\/Okay\/OkaySDK\/Watermarker\/Watermarker\/Ssb4Base.swift",
      "kind": "IntegerLiteral",
      "offset": 999,
      "length": 1,
      "value": "2"
    },
    {
      "filePath": "\/Users\/sk\/Documents\/Projects\/Okay\/OkaySDK\/Watermarker\/Watermarker\/Ssb4Base.swift",
      "kind": "IntegerLiteral",
      "offset": 1113,
      "length": 1,
      "value": "0"
    },
    {
      "filePath": "\/Users\/sk\/Documents\/Projects\/Okay\/OkaySDK\/Watermarker\/Watermarker\/Ssb4Base.swift",
      "kind": "IntegerLiteral",
      "offset": 1160,
      "length": 1,
      "value": "0"
    },
    {
      "filePath": "\/Users\/sk\/Documents\/Projects\/Okay\/OkaySDK\/Watermarker\/Watermarker\/Ssb4Base.swift",
      "kind": "IntegerLiteral",
      "offset": 1191,
      "length": 1,
      "value": "0"
    },
    {
      "filePath": "\/Users\/sk\/Documents\/Projects\/Okay\/OkaySDK\/Watermarker\/Watermarker\/Ssb4Base.swift",
      "kind": "IntegerLiteral",
      "offset": 1222,
      "length": 1,
      "value": "8"
    },
    {
      "filePath": "\/Users\/sk\/Documents\/Projects\/Okay\/OkaySDK\/Watermarker\/Watermarker\/Ssb4Base.swift",
      "kind": "IntegerLiteral",
      "offset": 1266,
      "length": 1,
      "value": "8"
    },
    {
      "filePath": "\/Users\/sk\/Documents\/Projects\/Okay\/OkaySDK\/Watermarker\/Watermarker\/Ssb4Base.swift",
      "kind": "IntegerLiteral",
      "offset": 2035,
      "length": 1,
      "value": "4"
    },
    {
      "filePath": "\/Users\/sk\/Documents\/Projects\/Okay\/OkaySDK\/Watermarker\/Watermarker\/Ssb4Base.swift",
      "kind": "IntegerLiteral",
      "offset": 2070,
      "length": 3,
      "value": "251"
    },
    {
      "filePath": "\/Users\/sk\/Documents\/Projects\/Okay\/OkaySDK\/Watermarker\/Watermarker\/Ssb4Base.swift",
      "kind": "IntegerLiteral",
      "offset": 2201,
      "length": 1,
      "value": "1"
    },
    {
      "filePath": "\/Users\/sk\/Documents\/Projects\/Okay\/OkaySDK\/Watermarker\/Watermarker\/Ssb4Base.swift",
      "kind": "IntegerLiteral",
      "offset": 2329,
      "length": 1,
      "value": "1"
    },
    {
      "filePath": "\/Users\/sk\/Documents\/Projects\/Okay\/OkaySDK\/Watermarker\/Watermarker\/Ssb4Base.swift",
      "kind": "StringLiteral",
      "offset": 2461,
      "length": 29,
      "value": "\"-- finding pixel Failure --\""
    },
    {
      "filePath": "\/Users\/sk\/Documents\/Projects\/Okay\/OkaySDK\/Watermarker\/Watermarker\/Ssb4Base.swift",
      "kind": "IntegerLiteral",
      "offset": 2758,
      "length": 1,
      "value": "0"
    },
    {
      "filePath": "\/Users\/sk\/Documents\/Projects\/Okay\/OkaySDK\/Watermarker\/Watermarker\/Ssb4Base.swift",
      "kind": "IntegerLiteral",
      "offset": 3299,
      "length": 4,
      "value": "0xFF"
    },
    {
      "filePath": "\/Users\/sk\/Documents\/Projects\/Okay\/OkaySDK\/Watermarker\/Watermarker\/Ssb4Base.swift",
      "kind": "IntegerLiteral",
      "offset": 3527,
      "length": 4,
      "value": "0xFF"
    },
    {
      "filePath": "\/Users\/sk\/Documents\/Projects\/Okay\/OkaySDK\/Watermarker\/Watermarker\/Ssb4Base.swift",
      "kind": "IntegerLiteral",
      "offset": 3950,
      "length": 1,
      "value": "1"
    },
    {
      "filePath": "\/Users\/sk\/Documents\/Projects\/Okay\/OkaySDK\/Watermarker\/Watermarker\/Ssb4Base.swift",
      "kind": "Array",
      "offset": 4019,
      "length": 2,
      "value": "[]"
    },
    {
      "filePath": "\/Users\/sk\/Documents\/Projects\/Okay\/OkaySDK\/Watermarker\/Watermarker\/Ssb4Base.swift",
      "kind": "Array",
      "offset": 4174,
      "length": 2,
      "value": "[]"
    },
    {
      "filePath": "\/Users\/sk\/Documents\/Projects\/Okay\/OkaySDK\/Watermarker\/Watermarker\/Ssb4Base.swift",
      "kind": "Array",
      "offset": 4336,
      "length": 2,
      "value": "[]"
    },
    {
      "filePath": "\/Users\/sk\/Documents\/Projects\/Okay\/OkaySDK\/Watermarker\/Watermarker\/Ssb4Base.swift",
      "kind": "IntegerLiteral",
      "offset": 4687,
      "length": 1,
      "value": "0"
    },
    {
      "filePath": "\/Users\/sk\/Documents\/Projects\/Okay\/OkaySDK\/Watermarker\/Watermarker\/Ssb4Base.swift",
      "kind": "StringLiteral",
      "offset": 33,
      "length": 8,
      "value": "\"Watermarker.Ssb4Base\""
    },
    {
      "filePath": "\/Users\/sk\/Documents\/Projects\/Okay\/OkaySDK\/Watermarker\/Watermarker\/PixelsProcessor.swift",
      "kind": "IntegerLiteral",
      "offset": 592,
      "length": 1,
      "value": "4"
    },
    {
      "filePath": "\/Users\/sk\/Documents\/Projects\/Okay\/OkaySDK\/Watermarker\/Watermarker\/PixelsProcessor.swift",
      "kind": "IntegerLiteral",
      "offset": 963,
      "length": 1,
      "value": "8"
    },
    {
      "filePath": "\/Users\/sk\/Documents\/Projects\/Okay\/OkaySDK\/Watermarker\/Watermarker\/PixelsProcessor.swift",
      "kind": "IntegerLiteral",
      "offset": 1284,
      "length": 1,
      "value": "0"
    },
    {
      "filePath": "\/Users\/sk\/Documents\/Projects\/Okay\/OkaySDK\/Watermarker\/Watermarker\/PixelsProcessor.swift",
      "kind": "IntegerLiteral",
      "offset": 1290,
      "length": 1,
      "value": "0"
    }
  ]
}